{"Order":null,"YtOrder":null,"SoOrder":null,"State":0,"TagName":null,"IsCustom":false,"IsFree":false,"IsNew":false,"CNName":null,"CNToolTip":null,"KVList":[{"Key":"BotSocialModel.CommonNodes.Account, BotSocialModel, Version=1.0.0.0, Culture=neutral, PublicKeyToken=null","Value":{"Message":{"State":true,"Content":null},"AccountList":[27],"AccountUseWay":0,"GetIndex":-1,"RandomList":[],"IsCheckLogin":true,"IsSelectedAll":false,"Id":6,"TaskGuId":"2927f10a-d1dd-49d6-850d-1bccd188ca39","Identity":1,"ShowIdentity":1,"Name":"Account","ConnectNum":0,"ParentNode":false,"Rename":true,"CopyPaste":true,"Remove":true,"Drag":true,"StartTime":"0001-01-01T00:00:00","RunCount":0,"IsUseInterval":false,"IntervalMaxTime":10,"IntervalMinTime":1,"State":0,"SucceedCount":0,"DefeatedCount":0,"TotalSucceedCount":0,"TotalDefeatedCount":0,"IsDisable":false,"IsSearchDisable":true,"HistoryMsgList":[]}},{"Key":"BotSocialModel.CommonNodes.Text, BotSocialModel, Version=1.0.0.0, Culture=neutral, PublicKeyToken=null","Value":{"Message":{"State":true,"Content":null},"IsInput":false,"FilePath":"C:\\BlackAquaDatabase\\customers\\customers.txt","TextList":[],"Useway":2,"DisposeWay":2,"Id":2,"TaskGuId":"2927f10a-d1dd-49d6-850d-1bccd188ca39","Identity":2,"ShowIdentity":2,"Name":"Pages","ConnectNum":0,"ParentNode":false,"Rename":true,"CopyPaste":true,"Remove":true,"Drag":true,"StartTime":"0001-01-01T00:00:00","RunCount":0,"IsUseInterval":false,"IntervalMaxTime":10,"IntervalMinTime":1,"State":0,"SucceedCount":0,"DefeatedCount":0,"TotalSucceedCount":0,"TotalDefeatedCount":0,"IsDisable":false,"IsSearchDisable":true,"HistoryMsgList":[]}},{"Key":"BotSocialModel.CommonNodes.Text, BotSocialModel, Version=1.0.0.0, Culture=neutral, PublicKeyToken=null","Value":{"Message":{"State":true,"Content":null},"IsInput":true,"FilePath":null,"TextList":["blackaquamagic"],"Useway":2,"DisposeWay":2,"Id":2,"TaskGuId":"2927f10a-d1dd-49d6-850d-1bccd188ca39","Identity":3,"ShowIdentity":3,"Name":"Photos","ConnectNum":0,"ParentNode":false,"Rename":true,"CopyPaste":true,"Remove":true,"Drag":true,"StartTime":"0001-01-01T00:00:00","RunCount":0,"IsUseInterval":false,"IntervalMaxTime":10,"IntervalMinTime":1,"State":0,"SucceedCount":0,"DefeatedCount":0,"TotalSucceedCount":0,"TotalDefeatedCount":0,"IsDisable":false,"IsSearchDisable":true,"HistoryMsgList":[]}},{"Key":"BotSocialModel.CommonNodes.Text, BotSocialModel, Version=1.0.0.0, Culture=neutral, PublicKeyToken=null","Value":{"Message":{"State":true,"Content":null},"IsInput":false,"FilePath":"C:\\BlackAquaDatabase\\comments\\customers.txt","TextList":[],"Useway":2,"DisposeWay":2,"Id":2,"TaskGuId":"2927f10a-d1dd-49d6-850d-1bccd188ca39","Identity":4,"ShowIdentity":4,"Name":"Comments","ConnectNum":0,"ParentNode":false,"Rename":true,"CopyPaste":true,"Remove":true,"Drag":true,"StartTime":"0001-01-01T00:00:00","RunCount":0,"IsUseInterval":false,"IntervalMaxTime":10,"IntervalMinTime":1,"State":0,"SucceedCount":0,"DefeatedCount":0,"TotalSucceedCount":0,"TotalDefeatedCount":0,"IsDisable":false,"IsSearchDisable":true,"HistoryMsgList":[]}},{"Key":"BotSocialModel.CommonNodes.Text, BotSocialModel, Version=1.0.0.0, Culture=neutral, PublicKeyToken=null","Value":{"Message":{"State":true,"Content":null},"IsInput":false,"FilePath":"C:\\BlackAquaDatabase\\comments\\27.txt","TextList":[],"Useway":0,"DisposeWay":1,"Id":2,"TaskGuId":"2927f10a-d1dd-49d6-850d-1bccd188ca39","Identity":5,"ShowIdentity":5,"Name":"Customized","ConnectNum":0,"ParentNode":false,"Rename":true,"CopyPaste":true,"Remove":true,"Drag":true,"StartTime":"0001-01-01T00:00:00","RunCount":0,"IsUseInterval":false,"IntervalMaxTime":10,"IntervalMinTime":1,"State":0,"SucceedCount":0,"DefeatedCount":0,"TotalSucceedCount":0,"TotalDefeatedCount":0,"IsDisable":false,"IsSearchDisable":true,"HistoryMsgList":[]}},{"Key":"BotSocialModel.CommonNodes.Text, BotSocialModel, Version=1.0.0.0, Culture=neutral, PublicKeyToken=null","Value":{"Message":{"State":true,"Content":null},"IsInput":false,"FilePath":"C:\\BlackAquaDatabase\\useragent\\useragent.txt","TextList":[],"Useway":2,"DisposeWay":0,"Id":2,"TaskGuId":"2927f10a-d1dd-49d6-850d-1bccd188ca39","Identity":6,"ShowIdentity":6,"Name":"UserAgent","ConnectNum":0,"ParentNode":false,"Rename":true,"CopyPaste":true,"Remove":true,"Drag":true,"StartTime":"0001-01-01T00:00:00","RunCount":0,"IsUseInterval":false,"IntervalMaxTime":10,"IntervalMinTime":1,"State":0,"SucceedCount":0,"DefeatedCount":0,"TotalSucceedCount":0,"TotalDefeatedCount":0,"IsDisable":false,"IsSearchDisable":true,"HistoryMsgList":[]}},{"Key":"BotSocialModel.Instagram.Nodes.SearchFollowers, BotSocialModel, Version=1.0.0.0, Culture=neutral, PublicKeyToken=null","Value":{"Message":{"State":true,"Content":null},"PeoPleID":{"Message":null,"SelectID":2,"Id":0,"TaskGuId":null,"Identity":0,"ShowIdentity":0,"Name":null,"ConnectNum":0,"ParentNode":false,"Rename":false,"CopyPaste":true,"Remove":false,"Drag":false,"StartTime":"0001-01-01T00:00:00","RunCount":0,"IsUseInterval":false,"IntervalMaxTime":10,"IntervalMinTime":1,"State":0,"SucceedCount":0,"DefeatedCount":0,"TotalSucceedCount":0,"TotalDefeatedCount":0,"IsDisable":false,"IsSearchDisable":false,"HistoryMsgList":null},"AccountID":{"Message":null,"SelectID":1,"Id":0,"TaskGuId":null,"Identity":0,"ShowIdentity":0,"Name":null,"ConnectNum":0,"ParentNode":false,"Rename":false,"CopyPaste":true,"Remove":false,"Drag":false,"StartTime":"0001-01-01T00:00:00","RunCount":0,"IsUseInterval":false,"IntervalMaxTime":10,"IntervalMinTime":1,"State":0,"SucceedCount":0,"DefeatedCount":0,"TotalSucceedCount":0,"TotalDefeatedCount":0,"IsDisable":false,"IsSearchDisable":false,"HistoryMsgList":null},"IsFilterFollowing":false,"IsFollowing":true,"SearchCount":0,"SearchMinCount":10,"SearchMaxCount":10,"OverTime":240,"Useway":2,"DisposeWay":1,"RemoveDuplicate":true,"Keyword_URL":{},"UsedList":[],"Id":13,"TaskGuId":"2927f10a-d1dd-49d6-850d-1bccd188ca39","Identity":7,"ShowIdentity":7,"Name":"Followers - Pages","ConnectNum":0,"ParentNode":false,"Rename":true,"CopyPaste":true,"Remove":true,"Drag":true,"StartTime":"0001-01-01T00:00:00","RunCount":0,"IsUseInterval":false,"IntervalMaxTime":10,"IntervalMinTime":1,"State":0,"SucceedCount":0,"DefeatedCount":0,"TotalSucceedCount":0,"TotalDefeatedCount":0,"IsDisable":false,"IsSearchDisable":true,"HistoryMsgList":[]}},{"Key":"BotSocialModel.Instagram.Nodes.Follow, BotSocialModel, Version=1.0.0.0, Culture=neutral, PublicKeyToken=null","Value":{"Message":{"State":true,"Content":null},"PeoPleID":{"Message":null,"SelectID":7,"Id":0,"TaskGuId":null,"Identity":0,"ShowIdentity":0,"Name":null,"ConnectNum":0,"ParentNode":false,"Rename":false,"CopyPaste":true,"Remove":false,"Drag":false,"StartTime":"0001-01-01T00:00:00","RunCount":0,"IsUseInterval":false,"IntervalMaxTime":10,"IntervalMinTime":1,"State":0,"SucceedCount":0,"DefeatedCount":0,"TotalSucceedCount":0,"TotalDefeatedCount":0,"IsDisable":false,"IsSearchDisable":false,"HistoryMsgList":null},"AccountID":{"Message":null,"SelectID":1,"Id":0,"TaskGuId":null,"Identity":0,"ShowIdentity":0,"Name":null,"ConnectNum":0,"ParentNode":false,"Rename":false,"CopyPaste":true,"Remove":false,"Drag":false,"StartTime":"0001-01-01T00:00:00","RunCount":0,"IsUseInterval":false,"IntervalMaxTime":10,"IntervalMinTime":1,"State":0,"SucceedCount":0,"DefeatedCount":0,"TotalSucceedCount":0,"TotalDefeatedCount":0,"IsDisable":false,"IsSearchDisable":false,"HistoryMsgList":null},"UseDebug":false,"IsCheckReLogin":true,"OverTime":240,"RunTimes":5,"Results":0,"Useway":2,"DisposeWay":1,"RunAllSource":true,"RemoveDuplicate":true,"NotReaptGetUser":false,"Id":10,"TaskGuId":"2927f10a-d1dd-49d6-850d-1bccd188ca39","Identity":8,"ShowIdentity":8,"Name":"Follow - Followers","ConnectNum":0,"ParentNode":false,"Rename":true,"CopyPaste":true,"Remove":true,"Drag":true,"StartTime":"0001-01-01T00:00:00","RunCount":0,"IsUseInterval":false,"IntervalMaxTime":10,"IntervalMinTime":1,"State":0,"SucceedCount":0,"DefeatedCount":0,"TotalSucceedCount":0,"TotalDefeatedCount":0,"IsDisable":false,"IsSearchDisable":false,"HistoryMsgList":[]}},{"Key":"BotSocialModel.Instagram.Nodes.SearchPhotosByUser, BotSocialModel, Version=1.0.0.0, Culture=neutral, PublicKeyToken=null","Value":{"Message":{"State":true,"Content":null},"PeoPleID":{"Message":null,"SelectID":5,"Id":0,"TaskGuId":null,"Identity":0,"ShowIdentity":0,"Name":null,"ConnectNum":0,"ParentNode":false,"Rename":false,"CopyPaste":true,"Remove":false,"Drag":false,"StartTime":"0001-01-01T00:00:00","RunCount":0,"IsUseInterval":false,"IntervalMaxTime":10,"IntervalMinTime":1,"State":0,"SucceedCount":0,"DefeatedCount":0,"TotalSucceedCount":0,"TotalDefeatedCount":0,"IsDisable":false,"IsSearchDisable":false,"HistoryMsgList":null},"AccountID":{"Message":null,"SelectID":1,"Id":0,"TaskGuId":null,"Identity":0,"ShowIdentity":0,"Name":null,"ConnectNum":0,"ParentNode":false,"Rename":false,"CopyPaste":true,"Remove":false,"Drag":false,"StartTime":"0001-01-01T00:00:00","RunCount":0,"IsUseInterval":false,"IntervalMaxTime":10,"IntervalMinTime":1,"State":0,"SucceedCount":0,"DefeatedCount":0,"TotalSucceedCount":0,"TotalDefeatedCount":0,"IsDisable":false,"IsSearchDisable":false,"HistoryMsgList":null},"SearchCount":0,"SearchMaxCount":1,"SearchMinCount":1,"OverTime":240,"Useway":2,"DisposeWay":1,"RemoveDuplicate":true,"UsedList":[],"MinLikedCount":5,"MaxLikedCount":100,"IsNewPost":true,"FilterByLiked":false,"MinCommentedCount":5,"MaxCommentedCount":100,"FilterByCommented":false,"IsScreenTime":false,"MaxTime":1.0,"MinTime":0.0,"Keyword_URL":{},"RunTimes":1,"RunAllSource":false,"SearchType":0,"Id":23,"TaskGuId":"2927f10a-d1dd-49d6-850d-1bccd188ca39","Identity":9,"ShowIdentity":9,"Name":"Customer - Photos","ConnectNum":0,"ParentNode":false,"Rename":true,"CopyPaste":true,"Remove":true,"Drag":true,"StartTime":"0001-01-01T00:00:00","RunCount":0,"IsUseInterval":false,"IntervalMaxTime":10,"IntervalMinTime":1,"State":0,"SucceedCount":0,"DefeatedCount":0,"TotalSucceedCount":0,"TotalDefeatedCount":0,"IsDisable":true,"IsSearchDisable":false,"HistoryMsgList":[]}},{"Key":"BotSocialModel.Instagram.Nodes.Comment, BotSocialModel, Version=1.0.0.0, Culture=neutral, PublicKeyToken=null","Value":{"Message":{"State":true,"Content":null},"PostID":{"Message":null,"SelectID":9,"Id":0,"TaskGuId":null,"Identity":0,"ShowIdentity":0,"Name":null,"ConnectNum":0,"ParentNode":false,"Rename":false,"CopyPaste":true,"Remove":false,"Drag":false,"StartTime":"0001-01-01T00:00:00","RunCount":0,"IsUseInterval":false,"IntervalMaxTime":10,"IntervalMinTime":1,"State":0,"SucceedCount":0,"DefeatedCount":0,"TotalSucceedCount":0,"TotalDefeatedCount":0,"IsDisable":false,"IsSearchDisable":false,"HistoryMsgList":null},"AccountID":{"Message":null,"SelectID":1,"Id":0,"TaskGuId":null,"Identity":0,"ShowIdentity":0,"Name":null,"ConnectNum":0,"ParentNode":false,"Rename":false,"CopyPaste":true,"Remove":false,"Drag":false,"StartTime":"0001-01-01T00:00:00","RunCount":0,"IsUseInterval":false,"IntervalMaxTime":10,"IntervalMinTime":1,"State":0,"SucceedCount":0,"DefeatedCount":0,"TotalSucceedCount":0,"TotalDefeatedCount":0,"IsDisable":false,"IsSearchDisable":false,"HistoryMsgList":null},"ContentID":{"Message":null,"SelectID":5,"Id":0,"TaskGuId":null,"Identity":0,"ShowIdentity":0,"Name":null,"ConnectNum":0,"ParentNode":false,"Rename":false,"CopyPaste":true,"Remove":false,"Drag":false,"StartTime":"0001-01-01T00:00:00","RunCount":0,"IsUseInterval":false,"IntervalMaxTime":10,"IntervalMinTime":1,"State":0,"SucceedCount":0,"DefeatedCount":0,"TotalSucceedCount":0,"TotalDefeatedCount":0,"IsDisable":false,"IsSearchDisable":false,"HistoryMsgList":null},"ReplyUserID":{"Message":null,"SelectID":null,"Id":0,"TaskGuId":null,"Identity":0,"ShowIdentity":0,"Name":null,"ConnectNum":0,"ParentNode":false,"Rename":false,"CopyPaste":true,"Remove":false,"Drag":false,"StartTime":"0001-01-01T00:00:00","RunCount":0,"IsUseInterval":false,"IntervalMaxTime":10,"IntervalMinTime":1,"State":0,"SucceedCount":0,"DefeatedCount":0,"TotalSucceedCount":0,"TotalDefeatedCount":0,"IsDisable":false,"IsSearchDisable":false,"HistoryMsgList":null},"UserAgentID":{"Message":null,"SelectID":6,"Id":0,"TaskGuId":null,"Identity":0,"ShowIdentity":0,"Name":null,"ConnectNum":0,"ParentNode":false,"Rename":false,"CopyPaste":true,"Remove":false,"Drag":false,"StartTime":"0001-01-01T00:00:00","RunCount":0,"IsUseInterval":false,"IntervalMaxTime":10,"IntervalMinTime":1,"State":0,"SucceedCount":0,"DefeatedCount":0,"TotalSucceedCount":0,"TotalDefeatedCount":0,"IsDisable":false,"IsSearchDisable":false,"HistoryMsgList":null},"UseDebug":false,"IsCheckReLogin":true,"IsUseAll":true,"NowAccountNum":-1,"UseAccountCount":1,"OverTime":240,"RunTimes":1,"Results":0,"Useway":2,"DisposeWay":1,"RunAllSource":true,"RemoveDuplicate":true,"UsedList":[],"UsedCommentList":[],"Id":12,"TaskGuId":"2927f10a-d1dd-49d6-850d-1bccd188ca39","Identity":10,"ShowIdentity":10,"Name":"Comment - Customized","ConnectNum":0,"ParentNode":false,"Rename":true,"CopyPaste":true,"Remove":true,"Drag":true,"StartTime":"0001-01-01T00:00:00","RunCount":0,"IsUseInterval":false,"IntervalMaxTime":10,"IntervalMinTime":1,"State":0,"SucceedCount":0,"DefeatedCount":0,"TotalSucceedCount":0,"TotalDefeatedCount":0,"IsDisable":false,"IsSearchDisable":false,"HistoryMsgList":[]}},{"Key":"BotSocialModel.Instagram.Nodes.Unfollow, BotSocialModel, Version=1.0.0.0, Culture=neutral, PublicKeyToken=null","Value":{"Message":{"State":true,"Content":null},"PeoPleID":{"Message":null,"SelectID":null,"Id":0,"TaskGuId":null,"Identity":0,"ShowIdentity":0,"Name":null,"ConnectNum":0,"ParentNode":false,"Rename":false,"CopyPaste":true,"Remove":false,"Drag":false,"StartTime":"0001-01-01T00:00:00","RunCount":0,"IsUseInterval":false,"IntervalMaxTime":10,"IntervalMinTime":1,"State":0,"SucceedCount":0,"DefeatedCount":0,"TotalSucceedCount":0,"TotalDefeatedCount":0,"IsDisable":false,"IsSearchDisable":false,"HistoryMsgList":null},"AccountID":{"Message":null,"SelectID":1,"Id":0,"TaskGuId":null,"Identity":0,"ShowIdentity":0,"Name":null,"ConnectNum":0,"ParentNode":false,"Rename":false,"CopyPaste":true,"Remove":false,"Drag":false,"StartTime":"0001-01-01T00:00:00","RunCount":0,"IsUseInterval":false,"IntervalMaxTime":10,"IntervalMinTime":1,"State":0,"SucceedCount":0,"DefeatedCount":0,"TotalSucceedCount":0,"TotalDefeatedCount":0,"IsDisable":false,"IsSearchDisable":false,"HistoryMsgList":null},"UseDebug":false,"OverTime":240,"RunTimes":10,"IsCheckReLogin":true,"Results":0,"Useway":0,"DisposeWay":1,"RunAllSource":true,"RemoveDuplicate":true,"IsSelectSource":false,"TimeNumber":24,"Id":15,"TaskGuId":"2927f10a-d1dd-49d6-850d-1bccd188ca39","Identity":11,"ShowIdentity":11,"Name":"Unfollow - Following","ConnectNum":0,"ParentNode":false,"Rename":true,"CopyPaste":true,"Remove":true,"Drag":true,"StartTime":"0001-01-01T00:00:00","RunCount":0,"IsUseInterval":false,"IntervalMaxTime":10,"IntervalMinTime":1,"State":0,"SucceedCount":0,"DefeatedCount":0,"TotalSucceedCount":0,"TotalDefeatedCount":0,"IsDisable":true,"IsSearchDisable":false,"HistoryMsgList":[]}},{"Key":"BotSocialModel.Instagram.Nodes.SearchPhotosByUser, BotSocialModel, Version=1.0.0.0, Culture=neutral, PublicKeyToken=null","Value":{"Message":{"State":true,"Content":null},"PeoPleID":{"Message":null,"SelectID":3,"Id":0,"TaskGuId":null,"Identity":0,"ShowIdentity":0,"Name":null,"ConnectNum":0,"ParentNode":false,"Rename":false,"CopyPaste":true,"Remove":false,"Drag":false,"StartTime":"0001-01-01T00:00:00","RunCount":0,"IsUseInterval":false,"IntervalMaxTime":10,"IntervalMinTime":1,"State":0,"SucceedCount":0,"DefeatedCount":0,"TotalSucceedCount":0,"TotalDefeatedCount":0,"IsDisable":false,"IsSearchDisable":false,"HistoryMsgList":null},"AccountID":{"Message":null,"SelectID":1,"Id":0,"TaskGuId":null,"Identity":0,"ShowIdentity":0,"Name":null,"ConnectNum":0,"ParentNode":false,"Rename":false,"CopyPaste":true,"Remove":false,"Drag":false,"StartTime":"0001-01-01T00:00:00","RunCount":0,"IsUseInterval":false,"IntervalMaxTime":10,"IntervalMinTime":1,"State":0,"SucceedCount":0,"DefeatedCount":0,"TotalSucceedCount":0,"TotalDefeatedCount":0,"IsDisable":false,"IsSearchDisable":false,"HistoryMsgList":null},"SearchCount":0,"SearchMaxCount":1,"SearchMinCount":1,"OverTime":240,"Useway":2,"DisposeWay":2,"RemoveDuplicate":true,"UsedList":[],"MinLikedCount":5,"MaxLikedCount":100,"IsNewPost":true,"FilterByLiked":false,"MinCommentedCount":5,"MaxCommentedCount":100,"FilterByCommented":false,"IsScreenTime":false,"MaxTime":1111.0,"MinTime":0.0,"Keyword_URL":{},"RunTimes":5,"RunAllSource":true,"SearchType":1,"Id":23,"TaskGuId":"2927f10a-d1dd-49d6-850d-1bccd188ca39","Identity":12,"ShowIdentity":12,"Name":"Customers - Photos","ConnectNum":0,"ParentNode":false,"Rename":true,"CopyPaste":true,"Remove":true,"Drag":true,"StartTime":"0001-01-01T00:00:00","RunCount":0,"IsUseInterval":false,"IntervalMaxTime":10,"IntervalMinTime":1,"State":0,"SucceedCount":0,"DefeatedCount":0,"TotalSucceedCount":0,"TotalDefeatedCount":0,"IsDisable":true,"IsSearchDisable":false,"HistoryMsgList":[]}},{"Key":"BotSocialModel.Instagram.Nodes.Like, BotSocialModel, Version=1.0.0.0, Culture=neutral, PublicKeyToken=null","Value":{"Message":{"State":true,"Content":null},"PostID":{"Message":null,"SelectID":12,"Id":0,"TaskGuId":null,"Identity":0,"ShowIdentity":0,"Name":null,"ConnectNum":0,"ParentNode":false,"Rename":false,"CopyPaste":true,"Remove":false,"Drag":false,"StartTime":"0001-01-01T00:00:00","RunCount":0,"IsUseInterval":false,"IntervalMaxTime":10,"IntervalMinTime":1,"State":0,"SucceedCount":0,"DefeatedCount":0,"TotalSucceedCount":0,"TotalDefeatedCount":0,"IsDisable":false,"IsSearchDisable":false,"HistoryMsgList":null},"AccountID":{"Message":null,"SelectID":1,"Id":0,"TaskGuId":null,"Identity":0,"ShowIdentity":0,"Name":null,"ConnectNum":0,"ParentNode":false,"Rename":false,"CopyPaste":true,"Remove":false,"Drag":false,"StartTime":"0001-01-01T00:00:00","RunCount":0,"IsUseInterval":false,"IntervalMaxTime":10,"IntervalMinTime":1,"State":0,"SucceedCount":0,"DefeatedCount":0,"TotalSucceedCount":0,"TotalDefeatedCount":0,"IsDisable":false,"IsSearchDisable":false,"HistoryMsgList":null},"UserAgentID":{"Message":null,"SelectID":6,"Id":0,"TaskGuId":null,"Identity":0,"ShowIdentity":0,"Name":null,"ConnectNum":0,"ParentNode":false,"Rename":false,"CopyPaste":true,"Remove":false,"Drag":false,"StartTime":"0001-01-01T00:00:00","RunCount":0,"IsUseInterval":false,"IntervalMaxTime":10,"IntervalMinTime":1,"State":0,"SucceedCount":0,"DefeatedCount":0,"TotalSucceedCount":0,"TotalDefeatedCount":0,"IsDisable":false,"IsSearchDisable":false,"HistoryMsgList":null},"IsUseAll":true,"IsCheckReLogin":true,"NowAccountNum":-1,"UseAccountCount":1,"OverTime":240,"RunTimes":5,"Results":0,"Useway":2,"DisposeWay":1,"RunAllSource":true,"RemoveDuplicate":true,"IsRunDebug":false,"Id":11,"TaskGuId":"2927f10a-d1dd-49d6-850d-1bccd188ca39","Identity":13,"ShowIdentity":13,"Name":"Customers - Like","ConnectNum":0,"ParentNode":false,"Rename":true,"CopyPaste":true,"Remove":true,"Drag":true,"StartTime":"0001-01-01T00:00:00","RunCount":0,"IsUseInterval":false,"IntervalMaxTime":10,"IntervalMinTime":1,"State":0,"SucceedCount":0,"DefeatedCount":0,"TotalSucceedCount":0,"TotalDefeatedCount":0,"IsDisable":false,"IsSearchDisable":false,"HistoryMsgList":[]}},{"Key":"BotSocialModel.Instagram.Nodes.Comment, BotSocialModel, Version=1.0.0.0, Culture=neutral, PublicKeyToken=null","Value":{"Message":{"State":true,"Content":null},"PostID":{"Message":null,"SelectID":12,"Id":0,"TaskGuId":null,"Identity":0,"ShowIdentity":0,"Name":null,"ConnectNum":0,"ParentNode":false,"Rename":false,"CopyPaste":true,"Remove":false,"Drag":false,"StartTime":"0001-01-01T00:00:00","RunCount":0,"IsUseInterval":false,"IntervalMaxTime":10,"IntervalMinTime":1,"State":0,"SucceedCount":0,"DefeatedCount":0,"TotalSucceedCount":0,"TotalDefeatedCount":0,"IsDisable":false,"IsSearchDisable":false,"HistoryMsgList":null},"AccountID":{"Message":null,"SelectID":1,"Id":0,"TaskGuId":null,"Identity":0,"ShowIdentity":0,"Name":null,"ConnectNum":0,"ParentNode":false,"Rename":false,"CopyPaste":true,"Remove":false,"Drag":false,"StartTime":"0001-01-01T00:00:00","RunCount":0,"IsUseInterval":false,"IntervalMaxTime":10,"IntervalMinTime":1,"State":0,"SucceedCount":0,"DefeatedCount":0,"TotalSucceedCount":0,"TotalDefeatedCount":0,"IsDisable":false,"IsSearchDisable":false,"HistoryMsgList":null},"ContentID":{"Message":null,"SelectID":4,"Id":0,"TaskGuId":null,"Identity":0,"ShowIdentity":0,"Name":null,"ConnectNum":0,"ParentNode":false,"Rename":false,"CopyPaste":true,"Remove":false,"Drag":false,"StartTime":"0001-01-01T00:00:00","RunCount":0,"IsUseInterval":false,"IntervalMaxTime":10,"IntervalMinTime":1,"State":0,"SucceedCount":0,"DefeatedCount":0,"TotalSucceedCount":0,"TotalDefeatedCount":0,"IsDisable":false,"IsSearchDisable":false,"HistoryMsgList":null},"ReplyUserID":{"Message":null,"SelectID":null,"Id":0,"TaskGuId":null,"Identity":0,"ShowIdentity":0,"Name":null,"ConnectNum":0,"ParentNode":false,"Rename":false,"CopyPaste":true,"Remove":false,"Drag":false,"StartTime":"0001-01-01T00:00:00","RunCount":0,"IsUseInterval":false,"IntervalMaxTime":10,"IntervalMinTime":1,"State":0,"SucceedCount":0,"DefeatedCount":0,"TotalSucceedCount":0,"TotalDefeatedCount":0,"IsDisable":false,"IsSearchDisable":false,"HistoryMsgList":null},"UserAgentID":{"Message":null,"SelectID":6,"Id":0,"TaskGuId":null,"Identity":0,"ShowIdentity":0,"Name":null,"ConnectNum":0,"ParentNode":false,"Rename":false,"CopyPaste":true,"Remove":false,"Drag":false,"StartTime":"0001-01-01T00:00:00","RunCount":0,"IsUseInterval":false,"IntervalMaxTime":10,"IntervalMinTime":1,"State":0,"SucceedCount":0,"DefeatedCount":0,"TotalSucceedCount":0,"TotalDefeatedCount":0,"IsDisable":false,"IsSearchDisable":false,"HistoryMsgList":null},"UseDebug":false,"IsCheckReLogin":true,"IsUseAll":true,"NowAccountNum":-1,"UseAccountCount":1,"OverTime":240,"RunTimes":5,"Results":0,"Useway":2,"DisposeWay":1,"RunAllSource":true,"RemoveDuplicate":true,"UsedList":[],"UsedCommentList":[],"Id":12,"TaskGuId":"2927f10a-d1dd-49d6-850d-1bccd188ca39","Identity":15,"ShowIdentity":15,"Name":"Customers - Comment","ConnectNum":0,"ParentNode":false,"Rename":true,"CopyPaste":true,"Remove":true,"Drag":true,"StartTime":"0001-01-01T00:00:00","RunCount":0,"IsUseInterval":false,"IntervalMaxTime":10,"IntervalMinTime":1,"State":0,"SucceedCount":0,"DefeatedCount":0,"TotalSucceedCount":0,"TotalDefeatedCount":0,"IsDisable":false,"IsSearchDisable":false,"HistoryMsgList":[]}}],"GuId":"2927f10a-d1dd-49d6-850d-1bccd188ca39","TaskName":"000","ToolTip":"","TheRunNumber":0,"SiteId":2,"ChildTaskMaxId":15,"IsAutoTask":false,"IsYtAutoTask":false,"IsSocialAutoTask":false,"IsComplete":true,"IsLoopRun":false,"RunTimes":0,"TaskDelayTime":0,"StopTime":null}