{"Order":null,"YtOrder":null,"SoOrder":null,"State":0,"TagName":null,"IsCustom":false,"IsFree":false,"IsNew":false,"CNName":null,"CNToolTip":null,"KVList":[{"Key":"BotSocialModel.CommonNodes.Account, BotSocialModel, Version=1.0.0.0, Culture=neutral, PublicKeyToken=null","Value":{"Message":{"State":true,"Content":null},"AccountList":[30],"AccountUseWay":0,"GetIndex":-1,"RandomList":[],"IsCheckLogin":true,"IsSelectedAll":false,"Id":6,"TaskGuId":"e86cab06-ecf3-409d-86e8-f2c2f87b411d","Identity":1,"ShowIdentity":1,"Name":"Account","ConnectNum":0,"ParentNode":false,"Rename":true,"CopyPaste":true,"Remove":true,"Drag":true,"StartTime":"2023-01-09T01:19:05.8917621+05:30","RunCount":0,"IsUseInterval":false,"IntervalMaxTime":10,"IntervalMinTime":1,"State":0,"SucceedCount":0,"DefeatedCount":0,"TotalSucceedCount":0,"TotalDefeatedCount":0,"IsDisable":false,"IsSearchDisable":true,"HistoryMsgList":[]}},{"Key":"BotSocialModel.CommonNodes.Text, BotSocialModel, Version=1.0.0.0, Culture=neutral, PublicKeyToken=null","Value":{"Message":{"State":true,"Content":null},"IsInput":false,"FilePath":"C:\\BlackAquaDatabase\\customized\\hashtags.txt","TextList":[],"Useway":2,"DisposeWay":0,"Id":2,"TaskGuId":"e86cab06-ecf3-409d-86e8-f2c2f87b411d","Identity":2,"ShowIdentity":2,"Name":"Hashtags","ConnectNum":0,"ParentNode":false,"Rename":true,"CopyPaste":true,"Remove":true,"Drag":true,"StartTime":"2023-01-09T01:19:07.5630983+05:30","RunCount":0,"IsUseInterval":false,"IntervalMaxTime":10,"IntervalMinTime":1,"State":0,"SucceedCount":0,"DefeatedCount":0,"TotalSucceedCount":0,"TotalDefeatedCount":0,"IsDisable":false,"IsSearchDisable":true,"HistoryMsgList":[]}},{"Key":"BotSocialModel.CommonNodes.Text, BotSocialModel, Version=1.0.0.0, Culture=neutral, PublicKeyToken=null","Value":{"Message":{"State":true,"Content":null},"IsInput":true,"FilePath":null,"TextList":["blackaquamagic"],"Useway":2,"DisposeWay":0,"Id":2,"TaskGuId":"e86cab06-ecf3-409d-86e8-f2c2f87b411d","Identity":3,"ShowIdentity":3,"Name":"Photos","ConnectNum":0,"ParentNode":false,"Rename":true,"CopyPaste":true,"Remove":true,"Drag":true,"StartTime":"2023-01-09T01:19:09.4636343+05:30","RunCount":0,"IsUseInterval":false,"IntervalMaxTime":10,"IntervalMinTime":1,"State":0,"SucceedCount":0,"DefeatedCount":0,"TotalSucceedCount":0,"TotalDefeatedCount":0,"IsDisable":false,"IsSearchDisable":true,"HistoryMsgList":[]}},{"Key":"BotSocialModel.CommonNodes.Text, BotSocialModel, Version=1.0.0.0, Culture=neutral, PublicKeyToken=null","Value":{"Message":{"State":true,"Content":null},"IsInput":false,"FilePath":"C:\\BlackAquaDatabase\\comments\\customers.txt","TextList":[],"Useway":2,"DisposeWay":0,"Id":2,"TaskGuId":"e86cab06-ecf3-409d-86e8-f2c2f87b411d","Identity":4,"ShowIdentity":4,"Name":"Comments","ConnectNum":0,"ParentNode":false,"Rename":true,"CopyPaste":true,"Remove":true,"Drag":true,"StartTime":"2023-01-09T01:19:11.1353176+05:30","RunCount":0,"IsUseInterval":false,"IntervalMaxTime":10,"IntervalMinTime":1,"State":0,"SucceedCount":0,"DefeatedCount":0,"TotalSucceedCount":0,"TotalDefeatedCount":0,"IsDisable":false,"IsSearchDisable":true,"HistoryMsgList":[]}},{"Key":"BotSocialModel.CommonNodes.Text, BotSocialModel, Version=1.0.0.0, Culture=neutral, PublicKeyToken=null","Value":{"Message":{"State":true,"Content":null},"IsInput":false,"FilePath":"C:\\BlackAquaDatabase\\comments\\30.txt","TextList":[],"Useway":0,"DisposeWay":1,"Id":2,"TaskGuId":"e86cab06-ecf3-409d-86e8-f2c2f87b411d","Identity":5,"ShowIdentity":5,"Name":"Customized","ConnectNum":0,"ParentNode":false,"Rename":true,"CopyPaste":true,"Remove":true,"Drag":true,"StartTime":"2023-01-09T01:19:12.7910417+05:30","RunCount":0,"IsUseInterval":false,"IntervalMaxTime":10,"IntervalMinTime":1,"State":0,"SucceedCount":0,"DefeatedCount":0,"TotalSucceedCount":0,"TotalDefeatedCount":0,"IsDisable":false,"IsSearchDisable":true,"HistoryMsgList":[]}},{"Key":"BotSocialModel.CommonNodes.Text, BotSocialModel, Version=1.0.0.0, Culture=neutral, PublicKeyToken=null","Value":{"Message":{"State":true,"Content":null},"IsInput":false,"FilePath":"C:\\BlackAquaDatabase\\promotion\\hashtags.txt","TextList":[],"Useway":2,"DisposeWay":0,"Id":2,"TaskGuId":"e86cab06-ecf3-409d-86e8-f2c2f87b411d","Identity":15,"ShowIdentity":15,"Name":"PHashtags","ConnectNum":0,"ParentNode":false,"Rename":true,"CopyPaste":true,"Remove":true,"Drag":true,"StartTime":"2023-01-09T01:19:14.4622332+05:30","RunCount":0,"IsUseInterval":false,"IntervalMaxTime":10,"IntervalMinTime":1,"State":0,"SucceedCount":0,"DefeatedCount":0,"TotalSucceedCount":0,"TotalDefeatedCount":0,"IsDisable":false,"IsSearchDisable":true,"HistoryMsgList":[]}},{"Key":"BotSocialModel.CommonNodes.Text, BotSocialModel, Version=1.0.0.0, Culture=neutral, PublicKeyToken=null","Value":{"Message":{"State":true,"Content":null},"IsInput":false,"FilePath":"C:\\BlackAquaDatabase\\promotion\\comments.txt","TextList":[],"Useway":2,"DisposeWay":0,"Id":2,"TaskGuId":"e86cab06-ecf3-409d-86e8-f2c2f87b411d","Identity":16,"ShowIdentity":16,"Name":"PComments","ConnectNum":0,"ParentNode":false,"Rename":true,"CopyPaste":true,"Remove":true,"Drag":true,"StartTime":"2023-01-09T01:19:16.1181055+05:30","RunCount":0,"IsUseInterval":false,"IntervalMaxTime":10,"IntervalMinTime":1,"State":0,"SucceedCount":0,"DefeatedCount":0,"TotalSucceedCount":0,"TotalDefeatedCount":0,"IsDisable":false,"IsSearchDisable":true,"HistoryMsgList":[]}},{"Key":"BotSocialModel.CommonNodes.Text, BotSocialModel, Version=1.0.0.0, Culture=neutral, PublicKeyToken=null","Value":{"Message":{"State":true,"Content":null},"IsInput":true,"FilePath":null,"TextList":["Mozilla/5.0 (Windows NT 6.1; WOW64; rv:60.0) Gecko/20100101 Firefox/60.0"],"Useway":2,"DisposeWay":0,"Id":2,"TaskGuId":"e86cab06-ecf3-409d-86e8-f2c2f87b411d","Identity":6,"ShowIdentity":6,"Name":"UserAgent","ConnectNum":0,"ParentNode":false,"Rename":true,"CopyPaste":true,"Remove":true,"Drag":true,"StartTime":"2023-01-09T01:19:17.7738342+05:30","RunCount":0,"IsUseInterval":false,"IntervalMaxTime":10,"IntervalMinTime":1,"State":0,"SucceedCount":0,"DefeatedCount":0,"TotalSucceedCount":0,"TotalDefeatedCount":0,"IsDisable":false,"IsSearchDisable":true,"HistoryMsgList":[]}},{"Key":"BotSocialModel.Instagram.Nodes.SearchPhotosByUser, BotSocialModel, Version=1.0.0.0, Culture=neutral, PublicKeyToken=null","Value":{"Message":{"State":true,"Content":null},"PeoPleID":{"Message":null,"SelectID":5,"Id":0,"TaskGuId":null,"Identity":0,"ShowIdentity":0,"Name":null,"ConnectNum":0,"ParentNode":false,"Rename":false,"CopyPaste":true,"Remove":false,"Drag":false,"StartTime":"0001-01-01T00:00:00","RunCount":0,"IsUseInterval":false,"IntervalMaxTime":10,"IntervalMinTime":1,"State":0,"SucceedCount":0,"DefeatedCount":0,"TotalSucceedCount":0,"TotalDefeatedCount":0,"IsDisable":false,"IsSearchDisable":false,"HistoryMsgList":null},"AccountID":{"Message":null,"SelectID":1,"Id":0,"TaskGuId":null,"Identity":0,"ShowIdentity":0,"Name":null,"ConnectNum":0,"ParentNode":false,"Rename":false,"CopyPaste":true,"Remove":false,"Drag":false,"StartTime":"0001-01-01T00:00:00","RunCount":0,"IsUseInterval":false,"IntervalMaxTime":10,"IntervalMinTime":1,"State":0,"SucceedCount":0,"DefeatedCount":0,"TotalSucceedCount":0,"TotalDefeatedCount":0,"IsDisable":false,"IsSearchDisable":false,"HistoryMsgList":null},"SearchCount":0,"SearchMaxCount":1,"SearchMinCount":1,"OverTime":240,"Useway":0,"DisposeWay":2,"RemoveDuplicate":true,"UsedList":[],"MinLikedCount":5,"MaxLikedCount":100,"IsNewPost":true,"FilterByLiked":false,"MinCommentedCount":5,"MaxCommentedCount":100,"FilterByCommented":false,"IsScreenTime":false,"MaxTime":1.0,"MinTime":0.0,"Keyword_URL":{},"RunTimes":1,"RunAllSource":false,"SearchType":0,"Id":23,"TaskGuId":"e86cab06-ecf3-409d-86e8-f2c2f87b411d","Identity":7,"ShowIdentity":7,"Name":"Customized - Photos","ConnectNum":0,"ParentNode":false,"Rename":true,"CopyPaste":true,"Remove":true,"Drag":true,"StartTime":"2023-01-09T01:19:19.4295501+05:30","RunCount":0,"IsUseInterval":false,"IntervalMaxTime":10,"IntervalMinTime":1,"State":0,"SucceedCount":0,"DefeatedCount":0,"TotalSucceedCount":0,"TotalDefeatedCount":0,"IsDisable":true,"IsSearchDisable":false,"HistoryMsgList":[]}},{"Key":"BotSocialModel.Instagram.Nodes.Like, BotSocialModel, Version=1.0.0.0, Culture=neutral, PublicKeyToken=null","Value":{"Message":{"State":true,"Content":null},"PostID":{"Message":null,"SelectID":7,"Id":0,"TaskGuId":null,"Identity":0,"ShowIdentity":0,"Name":null,"ConnectNum":0,"ParentNode":false,"Rename":false,"CopyPaste":true,"Remove":false,"Drag":false,"StartTime":"0001-01-01T00:00:00","RunCount":0,"IsUseInterval":false,"IntervalMaxTime":10,"IntervalMinTime":1,"State":0,"SucceedCount":0,"DefeatedCount":0,"TotalSucceedCount":0,"TotalDefeatedCount":0,"IsDisable":false,"IsSearchDisable":false,"HistoryMsgList":null},"AccountID":{"Message":null,"SelectID":1,"Id":0,"TaskGuId":null,"Identity":0,"ShowIdentity":0,"Name":null,"ConnectNum":0,"ParentNode":false,"Rename":false,"CopyPaste":true,"Remove":false,"Drag":false,"StartTime":"0001-01-01T00:00:00","RunCount":0,"IsUseInterval":false,"IntervalMaxTime":10,"IntervalMinTime":1,"State":0,"SucceedCount":0,"DefeatedCount":0,"TotalSucceedCount":0,"TotalDefeatedCount":0,"IsDisable":false,"IsSearchDisable":false,"HistoryMsgList":null},"UserAgentID":{"Message":null,"SelectID":6,"Id":0,"TaskGuId":null,"Identity":0,"ShowIdentity":0,"Name":null,"ConnectNum":0,"ParentNode":false,"Rename":false,"CopyPaste":true,"Remove":false,"Drag":false,"StartTime":"0001-01-01T00:00:00","RunCount":0,"IsUseInterval":false,"IntervalMaxTime":10,"IntervalMinTime":1,"State":0,"SucceedCount":0,"DefeatedCount":0,"TotalSucceedCount":0,"TotalDefeatedCount":0,"IsDisable":false,"IsSearchDisable":false,"HistoryMsgList":null},"IsUseAll":true,"IsCheckReLogin":true,"NowAccountNum":-1,"UseAccountCount":1,"OverTime":240,"RunTimes":5,"Results":0,"Useway":0,"DisposeWay":1,"RunAllSource":true,"RemoveDuplicate":true,"IsRunDebug":false,"Id":11,"TaskGuId":"e86cab06-ecf3-409d-86e8-f2c2f87b411d","Identity":8,"ShowIdentity":8,"Name":"Customized - Like","ConnectNum":0,"ParentNode":false,"Rename":true,"CopyPaste":true,"Remove":true,"Drag":true,"StartTime":"2023-01-09T01:19:22.7878577+05:30","RunCount":0,"IsUseInterval":false,"IntervalMaxTime":10,"IntervalMinTime":1,"State":0,"SucceedCount":0,"DefeatedCount":0,"TotalSucceedCount":0,"TotalDefeatedCount":0,"IsDisable":false,"IsSearchDisable":false,"HistoryMsgList":[]}},{"Key":"BotSocialModel.Instagram.Nodes.Comment, BotSocialModel, Version=1.0.0.0, Culture=neutral, PublicKeyToken=null","Value":{"Message":{"State":true,"Content":null},"PostID":{"Message":null,"SelectID":7,"Id":0,"TaskGuId":null,"Identity":0,"ShowIdentity":0,"Name":null,"ConnectNum":0,"ParentNode":false,"Rename":false,"CopyPaste":true,"Remove":false,"Drag":false,"StartTime":"0001-01-01T00:00:00","RunCount":0,"IsUseInterval":false,"IntervalMaxTime":10,"IntervalMinTime":1,"State":0,"SucceedCount":0,"DefeatedCount":0,"TotalSucceedCount":0,"TotalDefeatedCount":0,"IsDisable":false,"IsSearchDisable":false,"HistoryMsgList":null},"AccountID":{"Message":null,"SelectID":1,"Id":0,"TaskGuId":null,"Identity":0,"ShowIdentity":0,"Name":null,"ConnectNum":0,"ParentNode":false,"Rename":false,"CopyPaste":true,"Remove":false,"Drag":false,"StartTime":"0001-01-01T00:00:00","RunCount":0,"IsUseInterval":false,"IntervalMaxTime":10,"IntervalMinTime":1,"State":0,"SucceedCount":0,"DefeatedCount":0,"TotalSucceedCount":0,"TotalDefeatedCount":0,"IsDisable":false,"IsSearchDisable":false,"HistoryMsgList":null},"ContentID":{"Message":null,"SelectID":5,"Id":0,"TaskGuId":null,"Identity":0,"ShowIdentity":0,"Name":null,"ConnectNum":0,"ParentNode":false,"Rename":false,"CopyPaste":true,"Remove":false,"Drag":false,"StartTime":"0001-01-01T00:00:00","RunCount":0,"IsUseInterval":false,"IntervalMaxTime":10,"IntervalMinTime":1,"State":0,"SucceedCount":0,"DefeatedCount":0,"TotalSucceedCount":0,"TotalDefeatedCount":0,"IsDisable":false,"IsSearchDisable":false,"HistoryMsgList":null},"ReplyUserID":{"Message":null,"SelectID":null,"Id":0,"TaskGuId":null,"Identity":0,"ShowIdentity":0,"Name":null,"ConnectNum":0,"ParentNode":false,"Rename":false,"CopyPaste":true,"Remove":false,"Drag":false,"StartTime":"0001-01-01T00:00:00","RunCount":0,"IsUseInterval":false,"IntervalMaxTime":10,"IntervalMinTime":1,"State":0,"SucceedCount":0,"DefeatedCount":0,"TotalSucceedCount":0,"TotalDefeatedCount":0,"IsDisable":false,"IsSearchDisable":false,"HistoryMsgList":null},"UserAgentID":{"Message":null,"SelectID":6,"Id":0,"TaskGuId":null,"Identity":0,"ShowIdentity":0,"Name":null,"ConnectNum":0,"ParentNode":false,"Rename":false,"CopyPaste":true,"Remove":false,"Drag":false,"StartTime":"0001-01-01T00:00:00","RunCount":0,"IsUseInterval":false,"IntervalMaxTime":10,"IntervalMinTime":1,"State":0,"SucceedCount":0,"DefeatedCount":0,"TotalSucceedCount":0,"TotalDefeatedCount":0,"IsDisable":false,"IsSearchDisable":false,"HistoryMsgList":null},"UseDebug":false,"IsCheckReLogin":true,"IsUseAll":true,"NowAccountNum":-1,"UseAccountCount":1,"OverTime":240,"RunTimes":5,"Results":0,"Useway":0,"DisposeWay":1,"RunAllSource":true,"RemoveDuplicate":true,"UsedList":[],"UsedCommentList":[],"Id":12,"TaskGuId":"e86cab06-ecf3-409d-86e8-f2c2f87b411d","Identity":9,"ShowIdentity":9,"Name":"Customized - Comment","ConnectNum":0,"ParentNode":false,"Rename":true,"CopyPaste":true,"Remove":true,"Drag":true,"StartTime":"2023-01-09T01:19:26.5054187+05:30","RunCount":0,"IsUseInterval":false,"IntervalMaxTime":10,"IntervalMinTime":1,"State":0,"SucceedCount":0,"DefeatedCount":0,"TotalSucceedCount":0,"TotalDefeatedCount":0,"IsDisable":false,"IsSearchDisable":false,"HistoryMsgList":[]}},{"Key":"BotSocialModel.Instagram.Nodes.SearchPhotosByUser, BotSocialModel, Version=1.0.0.0, Culture=neutral, PublicKeyToken=null","Value":{"Message":{"State":true,"Content":null},"PeoPleID":{"Message":null,"SelectID":3,"Id":0,"TaskGuId":null,"Identity":0,"ShowIdentity":0,"Name":null,"ConnectNum":0,"ParentNode":false,"Rename":false,"CopyPaste":true,"Remove":false,"Drag":false,"StartTime":"0001-01-01T00:00:00","RunCount":0,"IsUseInterval":false,"IntervalMaxTime":10,"IntervalMinTime":1,"State":0,"SucceedCount":0,"DefeatedCount":0,"TotalSucceedCount":0,"TotalDefeatedCount":0,"IsDisable":false,"IsSearchDisable":false,"HistoryMsgList":null},"AccountID":{"Message":null,"SelectID":1,"Id":0,"TaskGuId":null,"Identity":0,"ShowIdentity":0,"Name":null,"ConnectNum":0,"ParentNode":false,"Rename":false,"CopyPaste":true,"Remove":false,"Drag":false,"StartTime":"0001-01-01T00:00:00","RunCount":0,"IsUseInterval":false,"IntervalMaxTime":10,"IntervalMinTime":1,"State":0,"SucceedCount":0,"DefeatedCount":0,"TotalSucceedCount":0,"TotalDefeatedCount":0,"IsDisable":false,"IsSearchDisable":false,"HistoryMsgList":null},"SearchCount":0,"SearchMaxCount":1,"SearchMinCount":1,"OverTime":240,"Useway":0,"DisposeWay":2,"RemoveDuplicate":true,"UsedList":[],"MinLikedCount":5,"MaxLikedCount":100,"IsNewPost":true,"FilterByLiked":false,"MinCommentedCount":5,"MaxCommentedCount":100,"FilterByCommented":false,"IsScreenTime":false,"MaxTime":1.0,"MinTime":0.0,"Keyword_URL":{},"RunTimes":1,"RunAllSource":true,"SearchType":1,"Id":23,"TaskGuId":"e86cab06-ecf3-409d-86e8-f2c2f87b411d","Identity":10,"ShowIdentity":10,"Name":"Customers - Photos","ConnectNum":0,"ParentNode":false,"Rename":true,"CopyPaste":true,"Remove":true,"Drag":true,"StartTime":"2023-01-09T01:19:30.7540647+05:30","RunCount":0,"IsUseInterval":false,"IntervalMaxTime":10,"IntervalMinTime":1,"State":0,"SucceedCount":0,"DefeatedCount":0,"TotalSucceedCount":0,"TotalDefeatedCount":0,"IsDisable":true,"IsSearchDisable":false,"HistoryMsgList":[]}},{"Key":"BotSocialModel.Instagram.Nodes.Like, BotSocialModel, Version=1.0.0.0, Culture=neutral, PublicKeyToken=null","Value":{"Message":{"State":true,"Content":null},"PostID":{"Message":null,"SelectID":10,"Id":0,"TaskGuId":null,"Identity":0,"ShowIdentity":0,"Name":null,"ConnectNum":0,"ParentNode":false,"Rename":false,"CopyPaste":true,"Remove":false,"Drag":false,"StartTime":"0001-01-01T00:00:00","RunCount":0,"IsUseInterval":false,"IntervalMaxTime":10,"IntervalMinTime":1,"State":0,"SucceedCount":0,"DefeatedCount":0,"TotalSucceedCount":0,"TotalDefeatedCount":0,"IsDisable":false,"IsSearchDisable":false,"HistoryMsgList":null},"AccountID":{"Message":null,"SelectID":1,"Id":0,"TaskGuId":null,"Identity":0,"ShowIdentity":0,"Name":null,"ConnectNum":0,"ParentNode":false,"Rename":false,"CopyPaste":true,"Remove":false,"Drag":false,"StartTime":"0001-01-01T00:00:00","RunCount":0,"IsUseInterval":false,"IntervalMaxTime":10,"IntervalMinTime":1,"State":0,"SucceedCount":0,"DefeatedCount":0,"TotalSucceedCount":0,"TotalDefeatedCount":0,"IsDisable":false,"IsSearchDisable":false,"HistoryMsgList":null},"UserAgentID":{"Message":null,"SelectID":6,"Id":0,"TaskGuId":null,"Identity":0,"ShowIdentity":0,"Name":null,"ConnectNum":0,"ParentNode":false,"Rename":false,"CopyPaste":true,"Remove":false,"Drag":false,"StartTime":"0001-01-01T00:00:00","RunCount":0,"IsUseInterval":false,"IntervalMaxTime":10,"IntervalMinTime":1,"State":0,"SucceedCount":0,"DefeatedCount":0,"TotalSucceedCount":0,"TotalDefeatedCount":0,"IsDisable":false,"IsSearchDisable":false,"HistoryMsgList":null},"IsUseAll":true,"IsCheckReLogin":true,"NowAccountNum":-1,"UseAccountCount":1,"OverTime":240,"RunTimes":1,"Results":0,"Useway":0,"DisposeWay":1,"RunAllSource":true,"RemoveDuplicate":true,"IsRunDebug":false,"Id":11,"TaskGuId":"e86cab06-ecf3-409d-86e8-f2c2f87b411d","Identity":11,"ShowIdentity":11,"Name":"Customers - Like","ConnectNum":0,"ParentNode":false,"Rename":true,"CopyPaste":true,"Remove":true,"Drag":true,"StartTime":"2023-01-09T01:19:41.7974254+05:30","RunCount":0,"IsUseInterval":false,"IntervalMaxTime":10,"IntervalMinTime":1,"State":0,"SucceedCount":0,"DefeatedCount":0,"TotalSucceedCount":0,"TotalDefeatedCount":0,"IsDisable":false,"IsSearchDisable":false,"HistoryMsgList":[]}},{"Key":"BotSocialModel.Instagram.Nodes.Comment, BotSocialModel, Version=1.0.0.0, Culture=neutral, PublicKeyToken=null","Value":{"Message":{"State":true,"Content":null},"PostID":{"Message":null,"SelectID":10,"Id":0,"TaskGuId":null,"Identity":0,"ShowIdentity":0,"Name":null,"ConnectNum":0,"ParentNode":false,"Rename":false,"CopyPaste":true,"Remove":false,"Drag":false,"StartTime":"0001-01-01T00:00:00","RunCount":0,"IsUseInterval":false,"IntervalMaxTime":10,"IntervalMinTime":1,"State":0,"SucceedCount":0,"DefeatedCount":0,"TotalSucceedCount":0,"TotalDefeatedCount":0,"IsDisable":false,"IsSearchDisable":false,"HistoryMsgList":null},"AccountID":{"Message":null,"SelectID":1,"Id":0,"TaskGuId":null,"Identity":0,"ShowIdentity":0,"Name":null,"ConnectNum":0,"ParentNode":false,"Rename":false,"CopyPaste":true,"Remove":false,"Drag":false,"StartTime":"0001-01-01T00:00:00","RunCount":0,"IsUseInterval":false,"IntervalMaxTime":10,"IntervalMinTime":1,"State":0,"SucceedCount":0,"DefeatedCount":0,"TotalSucceedCount":0,"TotalDefeatedCount":0,"IsDisable":false,"IsSearchDisable":false,"HistoryMsgList":null},"ContentID":{"Message":null,"SelectID":4,"Id":0,"TaskGuId":null,"Identity":0,"ShowIdentity":0,"Name":null,"ConnectNum":0,"ParentNode":false,"Rename":false,"CopyPaste":true,"Remove":false,"Drag":false,"StartTime":"0001-01-01T00:00:00","RunCount":0,"IsUseInterval":false,"IntervalMaxTime":10,"IntervalMinTime":1,"State":0,"SucceedCount":0,"DefeatedCount":0,"TotalSucceedCount":0,"TotalDefeatedCount":0,"IsDisable":false,"IsSearchDisable":false,"HistoryMsgList":null},"ReplyUserID":{"Message":null,"SelectID":null,"Id":0,"TaskGuId":null,"Identity":0,"ShowIdentity":0,"Name":null,"ConnectNum":0,"ParentNode":false,"Rename":false,"CopyPaste":true,"Remove":false,"Drag":false,"StartTime":"0001-01-01T00:00:00","RunCount":0,"IsUseInterval":false,"IntervalMaxTime":10,"IntervalMinTime":1,"State":0,"SucceedCount":0,"DefeatedCount":0,"TotalSucceedCount":0,"TotalDefeatedCount":0,"IsDisable":false,"IsSearchDisable":false,"HistoryMsgList":null},"UserAgentID":{"Message":null,"SelectID":6,"Id":0,"TaskGuId":null,"Identity":0,"ShowIdentity":0,"Name":null,"ConnectNum":0,"ParentNode":false,"Rename":false,"CopyPaste":true,"Remove":false,"Drag":false,"StartTime":"0001-01-01T00:00:00","RunCount":0,"IsUseInterval":false,"IntervalMaxTime":10,"IntervalMinTime":1,"State":0,"SucceedCount":0,"DefeatedCount":0,"TotalSucceedCount":0,"TotalDefeatedCount":0,"IsDisable":false,"IsSearchDisable":false,"HistoryMsgList":null},"UseDebug":false,"IsCheckReLogin":true,"IsUseAll":true,"NowAccountNum":-1,"UseAccountCount":1,"OverTime":240,"RunTimes":1,"Results":0,"Useway":0,"DisposeWay":1,"RunAllSource":true,"RemoveDuplicate":true,"UsedList":[],"UsedCommentList":[],"Id":12,"TaskGuId":"e86cab06-ecf3-409d-86e8-f2c2f87b411d","Identity":12,"ShowIdentity":12,"Name":"Customers - Comment","ConnectNum":0,"ParentNode":false,"Rename":true,"CopyPaste":true,"Remove":true,"Drag":true,"StartTime":"2023-01-09T01:19:57.8858397+05:30","RunCount":0,"IsUseInterval":false,"IntervalMaxTime":10,"IntervalMinTime":1,"State":0,"SucceedCount":0,"DefeatedCount":0,"TotalSucceedCount":0,"TotalDefeatedCount":0,"IsDisable":false,"IsSearchDisable":false,"HistoryMsgList":[]}},{"Key":"BotSocialModel.Instagram.Nodes.SearchPhotos, BotSocialModel, Version=1.0.0.0, Culture=neutral, PublicKeyToken=null","Value":{"Message":{"State":true,"Content":null},"AccountID":{"Message":null,"SelectID":1,"Id":0,"TaskGuId":null,"Identity":0,"ShowIdentity":0,"Name":null,"ConnectNum":0,"ParentNode":false,"Rename":false,"CopyPaste":true,"Remove":false,"Drag":false,"StartTime":"0001-01-01T00:00:00","RunCount":0,"IsUseInterval":false,"IntervalMaxTime":10,"IntervalMinTime":1,"State":0,"SucceedCount":0,"DefeatedCount":0,"TotalSucceedCount":0,"TotalDefeatedCount":0,"IsDisable":false,"IsSearchDisable":false,"HistoryMsgList":null},"MustTagID":{"Message":null,"SelectID":2,"Id":0,"TaskGuId":null,"Identity":0,"ShowIdentity":0,"Name":null,"ConnectNum":0,"ParentNode":false,"Rename":false,"CopyPaste":true,"Remove":false,"Drag":false,"StartTime":"0001-01-01T00:00:00","RunCount":0,"IsUseInterval":false,"IntervalMaxTime":10,"IntervalMinTime":1,"State":0,"SucceedCount":0,"DefeatedCount":0,"TotalSucceedCount":0,"TotalDefeatedCount":0,"IsDisable":false,"IsSearchDisable":false,"HistoryMsgList":null},"LeastOneTags":"","NotAnyTags":"","IsScreenTime":false,"MaxTime":24.0,"MinTime":1.0,"SearchCount":0,"SearchMinCount":19,"SearchMaxCount":19,"OverTime":240,"Useway":1,"DisposeWay":1,"RemoveDuplicate":false,"Keyword_URL":{},"UsedList":["https://www.instagram.com/p/CnKJ0-Ron86/","https://www.instagram.com/p/CnKNbVEPMOf/","https://www.instagram.com/p/CnKqCMwhZ6k/","https://www.instagram.com/p/CnKphazyZAC/","https://www.instagram.com/p/CnKphB2hCeI/","https://www.instagram.com/p/CnKn7Q_KKLk/","https://www.instagram.com/p/CnKnVOFyucQ/","https://www.instagram.com/p/CnKnJdQBVMw/","https://www.instagram.com/p/CnKm65dS866/","https://www.instagram.com/p/CnKlVagyzmt/"],"IsNewPost":false,"SearchType":{"Accurate":true,"Fuzzy":false},"Id":8,"TaskGuId":"e86cab06-ecf3-409d-86e8-f2c2f87b411d","Identity":13,"ShowIdentity":13,"Name":"Hashtags - Photos","ConnectNum":0,"ParentNode":false,"Rename":true,"CopyPaste":true,"Remove":true,"Drag":true,"StartTime":"2023-01-09T01:20:03.165611+05:30","RunCount":0,"IsUseInterval":false,"IntervalMaxTime":10,"IntervalMinTime":1,"State":0,"SucceedCount":0,"DefeatedCount":0,"TotalSucceedCount":0,"TotalDefeatedCount":0,"IsDisable":false,"IsSearchDisable":false,"HistoryMsgList":[]}},{"Key":"BotSocialModel.Instagram.Nodes.Like, BotSocialModel, Version=1.0.0.0, Culture=neutral, PublicKeyToken=null","Value":{"Message":{"State":true,"Content":null},"PostID":{"Message":null,"SelectID":13,"Id":0,"TaskGuId":null,"Identity":0,"ShowIdentity":0,"Name":null,"ConnectNum":0,"ParentNode":false,"Rename":false,"CopyPaste":true,"Remove":false,"Drag":false,"StartTime":"0001-01-01T00:00:00","RunCount":0,"IsUseInterval":false,"IntervalMaxTime":10,"IntervalMinTime":1,"State":0,"SucceedCount":0,"DefeatedCount":0,"TotalSucceedCount":0,"TotalDefeatedCount":0,"IsDisable":false,"IsSearchDisable":false,"HistoryMsgList":null},"AccountID":{"Message":null,"SelectID":1,"Id":0,"TaskGuId":null,"Identity":0,"ShowIdentity":0,"Name":null,"ConnectNum":0,"ParentNode":false,"Rename":false,"CopyPaste":true,"Remove":false,"Drag":false,"StartTime":"0001-01-01T00:00:00","RunCount":0,"IsUseInterval":false,"IntervalMaxTime":10,"IntervalMinTime":1,"State":0,"SucceedCount":0,"DefeatedCount":0,"TotalSucceedCount":0,"TotalDefeatedCount":0,"IsDisable":false,"IsSearchDisable":false,"HistoryMsgList":null},"UserAgentID":{"Message":null,"SelectID":6,"Id":0,"TaskGuId":null,"Identity":0,"ShowIdentity":0,"Name":null,"ConnectNum":0,"ParentNode":false,"Rename":false,"CopyPaste":true,"Remove":false,"Drag":false,"StartTime":"0001-01-01T00:00:00","RunCount":0,"IsUseInterval":false,"IntervalMaxTime":10,"IntervalMinTime":1,"State":0,"SucceedCount":0,"DefeatedCount":0,"TotalSucceedCount":0,"TotalDefeatedCount":0,"IsDisable":false,"IsSearchDisable":false,"HistoryMsgList":null},"IsUseAll":true,"IsCheckReLogin":true,"NowAccountNum":-1,"UseAccountCount":1,"OverTime":240,"RunTimes":10,"Results":0,"Useway":0,"DisposeWay":1,"RunAllSource":false,"RemoveDuplicate":true,"IsRunDebug":false,"Id":11,"TaskGuId":"e86cab06-ecf3-409d-86e8-f2c2f87b411d","Identity":14,"ShowIdentity":14,"Name":"Hashtags - Like","ConnectNum":0,"ParentNode":false,"Rename":true,"CopyPaste":true,"Remove":true,"Drag":true,"StartTime":"2023-01-09T01:21:18.7040306+05:30","RunCount":0,"IsUseInterval":false,"IntervalMaxTime":10,"IntervalMinTime":1,"State":0,"SucceedCount":0,"DefeatedCount":0,"TotalSucceedCount":0,"TotalDefeatedCount":0,"IsDisable":false,"IsSearchDisable":false,"HistoryMsgList":[]}},{"Key":"BotSocialModel.Instagram.Nodes.SearchPhotos, BotSocialModel, Version=1.0.0.0, Culture=neutral, PublicKeyToken=null","Value":{"Message":{"State":true,"Content":null},"AccountID":{"Message":null,"SelectID":1,"Id":0,"TaskGuId":null,"Identity":0,"ShowIdentity":0,"Name":null,"ConnectNum":0,"ParentNode":false,"Rename":false,"CopyPaste":true,"Remove":false,"Drag":false,"StartTime":"0001-01-01T00:00:00","RunCount":0,"IsUseInterval":false,"IntervalMaxTime":10,"IntervalMinTime":1,"State":0,"SucceedCount":0,"DefeatedCount":0,"TotalSucceedCount":0,"TotalDefeatedCount":0,"IsDisable":false,"IsSearchDisable":false,"HistoryMsgList":null},"MustTagID":{"Message":null,"SelectID":15,"Id":0,"TaskGuId":null,"Identity":0,"ShowIdentity":0,"Name":null,"ConnectNum":0,"ParentNode":false,"Rename":false,"CopyPaste":true,"Remove":false,"Drag":false,"StartTime":"0001-01-01T00:00:00","RunCount":0,"IsUseInterval":false,"IntervalMaxTime":10,"IntervalMinTime":1,"State":0,"SucceedCount":0,"DefeatedCount":0,"TotalSucceedCount":0,"TotalDefeatedCount":0,"IsDisable":false,"IsSearchDisable":false,"HistoryMsgList":null},"LeastOneTags":"","NotAnyTags":"","IsScreenTime":false,"MaxTime":24.0,"MinTime":1.0,"SearchCount":0,"SearchMinCount":10,"SearchMaxCount":10,"OverTime":240,"Useway":1,"DisposeWay":1,"RemoveDuplicate":false,"Keyword_URL":{},"UsedList":["https://www.instagram.com/p/CnKevTKujH2/"],"IsNewPost":false,"SearchType":{"Accurate":true,"Fuzzy":false},"Id":8,"TaskGuId":"e86cab06-ecf3-409d-86e8-f2c2f87b411d","Identity":17,"ShowIdentity":17,"Name":"Promotion - Photos","ConnectNum":0,"ParentNode":false,"Rename":true,"CopyPaste":true,"Remove":true,"Drag":true,"StartTime":"2023-01-09T01:22:14.7486684+05:30","RunCount":0,"IsUseInterval":false,"IntervalMaxTime":10,"IntervalMinTime":1,"State":0,"SucceedCount":0,"DefeatedCount":0,"TotalSucceedCount":0,"TotalDefeatedCount":0,"IsDisable":false,"IsSearchDisable":false,"HistoryMsgList":[]}},{"Key":"BotSocialModel.Instagram.Nodes.Comment, BotSocialModel, Version=1.0.0.0, Culture=neutral, PublicKeyToken=null","Value":{"Message":{"State":true,"Content":null},"PostID":{"Message":null,"SelectID":17,"Id":0,"TaskGuId":null,"Identity":0,"ShowIdentity":0,"Name":null,"ConnectNum":0,"ParentNode":false,"Rename":false,"CopyPaste":true,"Remove":false,"Drag":false,"StartTime":"0001-01-01T00:00:00","RunCount":0,"IsUseInterval":false,"IntervalMaxTime":10,"IntervalMinTime":1,"State":0,"SucceedCount":0,"DefeatedCount":0,"TotalSucceedCount":0,"TotalDefeatedCount":0,"IsDisable":false,"IsSearchDisable":false,"HistoryMsgList":null},"AccountID":{"Message":null,"SelectID":1,"Id":0,"TaskGuId":null,"Identity":0,"ShowIdentity":0,"Name":null,"ConnectNum":0,"ParentNode":false,"Rename":false,"CopyPaste":true,"Remove":false,"Drag":false,"StartTime":"0001-01-01T00:00:00","RunCount":0,"IsUseInterval":false,"IntervalMaxTime":10,"IntervalMinTime":1,"State":0,"SucceedCount":0,"DefeatedCount":0,"TotalSucceedCount":0,"TotalDefeatedCount":0,"IsDisable":false,"IsSearchDisable":false,"HistoryMsgList":null},"ContentID":{"Message":null,"SelectID":16,"Id":0,"TaskGuId":null,"Identity":0,"ShowIdentity":0,"Name":null,"ConnectNum":0,"ParentNode":false,"Rename":false,"CopyPaste":true,"Remove":false,"Drag":false,"StartTime":"0001-01-01T00:00:00","RunCount":0,"IsUseInterval":false,"IntervalMaxTime":10,"IntervalMinTime":1,"State":0,"SucceedCount":0,"DefeatedCount":0,"TotalSucceedCount":0,"TotalDefeatedCount":0,"IsDisable":false,"IsSearchDisable":false,"HistoryMsgList":null},"ReplyUserID":{"Message":null,"SelectID":null,"Id":0,"TaskGuId":null,"Identity":0,"ShowIdentity":0,"Name":null,"ConnectNum":0,"ParentNode":false,"Rename":false,"CopyPaste":true,"Remove":false,"Drag":false,"StartTime":"0001-01-01T00:00:00","RunCount":0,"IsUseInterval":false,"IntervalMaxTime":10,"IntervalMinTime":1,"State":0,"SucceedCount":0,"DefeatedCount":0,"TotalSucceedCount":0,"TotalDefeatedCount":0,"IsDisable":false,"IsSearchDisable":false,"HistoryMsgList":null},"UserAgentID":{"Message":null,"SelectID":6,"Id":0,"TaskGuId":null,"Identity":0,"ShowIdentity":0,"Name":null,"ConnectNum":0,"ParentNode":false,"Rename":false,"CopyPaste":true,"Remove":false,"Drag":false,"StartTime":"0001-01-01T00:00:00","RunCount":0,"IsUseInterval":false,"IntervalMaxTime":10,"IntervalMinTime":1,"State":0,"SucceedCount":0,"DefeatedCount":0,"TotalSucceedCount":0,"TotalDefeatedCount":0,"IsDisable":false,"IsSearchDisable":false,"HistoryMsgList":null},"UseDebug":false,"IsCheckReLogin":true,"IsUseAll":true,"NowAccountNum":-1,"UseAccountCount":1,"OverTime":240,"RunTimes":1,"Results":0,"Useway":0,"DisposeWay":1,"RunAllSource":false,"RemoveDuplicate":true,"UsedList":[],"UsedCommentList":[],"Id":12,"TaskGuId":"e86cab06-ecf3-409d-86e8-f2c2f87b411d","Identity":18,"ShowIdentity":18,"Name":"Promotion - Comment","ConnectNum":0,"ParentNode":false,"Rename":true,"CopyPaste":true,"Remove":true,"Drag":true,"StartTime":"2023-01-09T01:22:38.3349405+05:30","RunCount":0,"IsUseInterval":false,"IntervalMaxTime":10,"IntervalMinTime":1,"State":0,"SucceedCount":0,"DefeatedCount":0,"TotalSucceedCount":0,"TotalDefeatedCount":0,"IsDisable":false,"IsSearchDisable":false,"HistoryMsgList":[]}}],"GuId":"e86cab06-ecf3-409d-86e8-f2c2f87b411d","TaskName":"000","ToolTip":"","TheRunNumber":1,"SiteId":2,"ChildTaskMaxId":18,"IsAutoTask":false,"IsYtAutoTask":false,"IsSocialAutoTask":false,"IsComplete":true,"IsLoopRun":false,"RunTimes":0,"TaskDelayTime":0,"StopTime":null}